Modpack Name,Link
A Bit Of Everything,https://www.curseforge.com/minecraft/modpacks/a-bit-of-everything-official
ADG Golden Age,https://www.curseforge.com/minecraft/modpacks/adg-golden-age
ADG Omega 1,https://www.curseforge.com/minecraft/modpacks/adg-omega-1
ADG Omega 2,https://www.curseforge.com/minecraft/modpacks/adg-omega-2
ADG Omega 3,https://www.curseforge.com/minecraft/modpacks/adg-omega-3
ADG Omega 4,https://www.curseforge.com/minecraft/modpacks/adg-omega-4
ADG Omega 5,https://www.curseforge.com/minecraft/modpacks/adg-omega-5
ADG Omicron 1 Lighter Edition,https://www.curseforge.com/minecraft/modpacks/adg-omicron-xii-lighter-edition
ADG Omicron 1,https://www.curseforge.com/minecraft/modpacks/adg-omicron-1
ADG The Great Adventure,https://www.curseforge.com/minecraft/modpacks/adg-the-great-adventure
ADG Volatile 2,https://www.curseforge.com/minecraft/modpacks/the-asylum-volatile-2
ADG Volatile 3,https://www.curseforge.com/minecraft/modpacks/adg-volatile-3
ADG Volatile,https://www.curseforge.com/minecraft/modpacks/the-asylum-volatile
AOF: Strawberry, https://www.curseforge.com/minecraft/modpacks/aof-strawberry
Aether Skylands,https://www.curseforge.com/minecraft/modpacks/aether-skylands
Age Of Engineering,https://www.curseforge.com/minecraft/modpacks/age-of-engineering
Age of Manufacturing,https://www.curseforge.com/minecraft/modpacks/age-of-manufacturing
Age of Summer,https://www.curseforge.com/minecraft/modpacks/age-of-summer
Agrarian Skies 2,https://www.curseforge.com/minecraft/modpacks/agrarian-skies-2
Agrarian Skies,https://www.curseforge.com/minecraft/modpacks/agrarian-skies
Alchemical Skyblock,https://www.curseforge.com/minecraft/modpacks/alchemical-skyblock
All In One [Modded One Block],https://www.curseforge.com/minecraft/modpacks/all-in-one-modded-one-block
All Of Fabric 2 - 1.15.2,https://www.curseforge.com/minecraft/modpacks/all-of-fabric-2/
All Of Fabric 3 - 1.16.4,https://www.curseforge.com/minecraft/modpacks/all-of-fabric-3
All The Client-Side Mods [UPDATED],https://www.curseforge.com/minecraft/modpacks/the-client-side-modpack-forge
All The Forge 8 - ATF8,https://www.curseforge.com/minecraft/modpacks/all-the-forge-8
All The Mods - ATM1,https://www.curseforge.com/minecraft/modpacks/all-the-mods
All The Mods - Slice Of Pi2 - ATM SLOP2 - ATM6 Lite,https://www.curseforge.com/minecraft/modpacks/all-the-mods-slice-of-pi2-atm-slop2
All The Mods 3 - ATM3,https://www.curseforge.com/minecraft/modpacks/all-the-mods-3
All The Mods 3 - Remix - ATM3R,https://www.curseforge.com/minecraft/modpacks/all-the-mods-3-remix
All The Mods 3 Expert - ATM3E,https://www.curseforge.com/minecraft/modpacks/all-the-mods-3-expert
All The Mods 3: Lite - ATML3,https://www.curseforge.com/minecraft/modpacks/atm-3-lite
All The Mods 4 - ATM4,https://www.curseforge.com/minecraft/modpacks/all-the-mods-4
All The Mods 5 - ATM5,https://www.curseforge.com/minecraft/modpacks/all-the-mods-5
All The Mods 6 - ATM6 - 1.16.4,https://www.curseforge.com/minecraft/modpacks/all-the-mods-6
All The Mods 6 - To The Sky - ATM6Sky - Skyblock, https://www.curseforge.com/minecraft/modpacks/all-the-mods-6-to-the-sky-atm6s
All The Mods: All The Magic - ATM,https://www.curseforge.com/minecraft/modpacks/atm-all-the-magic
All of Fabric 3 - AOF3 - 1.16.5,https://www.curseforge.com/minecraft/modpacks/all-of-fabric-3
All of Fabric 4 - AOF4 - 1.17.1,https://www.curseforge.com/minecraft/modpacks/all-of-fabric-4
All the Mods 7 - ATM7 - 1.18.2,https://www.curseforge.com/minecraft/modpacks/all-the-mods-7
Amnesia,https://www.curseforge.com/minecraft/modpacks/amnesia
Ampz (Voltz for 1.18) (Official Server),https://www.curseforge.com/minecraft/modpacks/ampz-1-18
Ancient TownCraft,https://www.curseforge.com/minecraft/modpacks/ancient-towncraft
Another Quality Modpack 2 - 1.18.2,https://www.curseforge.com/minecraft/modpacks/another-quality-modpack-2
Another Quality Modpack 3 - 1.18.2,https://www.curseforge.com/minecraft/modpacks/another-quality-modpack-3
Another Quality Survival,https://www.curseforge.com/minecraft/modpacks/another-quality-survival
Anti-Material Energy,https://www.curseforge.com/minecraft/modpacks/anti-material-energy
Antimatter Chemistry,https://www.curseforge.com/minecraft/modpacks/antimatter-chemistry
ArcticCraft,https://www.curseforge.com/minecraft/modpacks/arcticraft-by-forge-labs
Ascension of the Realms,https://www.curseforge.com/minecraft/modpacks/ascension-of-the-realms
AsianHalfSquat's Zombie Apocalypse,https://www.curseforge.com/minecraft/modpacks/asianhalfsquats-zombie-apocalypse
AstroBlock 2 - Lost In Space,https://www.curseforge.com/minecraft/modpacks/astroblock-2
AstroBlock,https://www.curseforge.com/minecraft/modpacks/astroblock
Atonement: Sins of the Past,https://www.curseforge.com/minecraft/modpacks/atonement-sins-of-the-past
Attack on Titan: Minecraft,https://www.curseforge.com/minecraft/modpacks/attack-on-titan-mc
Automation Nation,https://www.curseforge.com/minecraft/modpacks/automation-nation
Automaton,https://www.curseforge.com/minecraft/modpacks/automaton
Avaritia - Go Brr, https://www.curseforge.com/minecraft/modpacks/avaritia-go-brrr
Avatar: The Four Elements,https://www.curseforge.com/minecraft/modpacks/avatar-the-four-elements
Awakening - Classic,https://www.curseforge.com/minecraft/modpacks/awakening
Awakening - Sky Of Diamonds,https://www.curseforge.com/minecraft/modpacks/awakening-sky-of-diamonds
Awakening Reforged,https://www.curseforge.com/minecraft/modpacks/awakening-reforged
Becopolis,https://www.curseforge.com/minecraft/modpacks/becopolis
BeeHappy,https://www.curseforge.com/minecraft/modpacks/beehappy
Beyond The New Frontier,https://www.curseforge.com/minecraft/modpacks/beyond-the-new-frontier
Beyond The Skies,https://www.curseforge.com/minecraft/modpacks/beyond-the-skies
Blessed or Cursed: Expedition to Infinite Force,https://www.curseforge.com/minecraft/modpacks/blessed-or-cursed-expedition-to-infinite-force
Bliss - a peaceful-like experience,https://www.curseforge.com/minecraft/modpacks/bliss
BlockFront - WW2,https://www.curseforge.com/minecraft/modpacks/blockfront-world-war-ii
Blocks From Beyond,https://www.curseforge.com/minecraft/modpacks/blocks-from-beyond
Blood N Bones,https://www.curseforge.com/minecraft/modpacks/blood-n-bones
Bloodlyneck's Modded One Block,https://www.curseforge.com/minecraft/modpacks/boodlynecks-modded-oneblock-forge
Bounds,https://www.curseforge.com/minecraft/modpacks/bounds
Brass, https://www.curseforge.com/minecraft/modpacks/brass
Break Out,https://www.curseforge.com/minecraft/modpacks/breakout
Breaking Things,https://www.curseforge.com/minecraft/modpacks/breaking-things
Brew Of The Past,https://www.curseforge.com/minecraft/modpacks/brew-of-the-past
Brew of the Current,https://www.curseforge.com/minecraft/modpacks/brew-of-the-current
Brew of the Future,https://www.curseforge.com/minecraft/modpacks/brew-of-the-future
Builder's Dreams,https://www.curseforge.com/minecraft/modpacks/builders-dreams
Builders Delight 2,https://www.curseforge.com/minecraft/modpacks/builders-delight-2
Builders Delight 3,https://www.curseforge.com/minecraft/modpacks/builders-delight-3
Builders Delight Tailored,https://www.curseforge.com/minecraft/modpacks/builders-delight-tailored
CRASHED ON A HOSTILE PLANET,https://www.curseforge.com/minecraft/modpacks/crashed-on-a-hostile-planet
Caedis [FABRIC],https://www.curseforge.com/minecraft/modpacks/caedis
Calculator Skies - Scientific Edition,https://www.curseforge.com/minecraft/modpacks/calculator-skies-scientific-edition
Calculator Skies,https://www.curseforge.com/minecraft/modpacks/calculator-skies
Capital is Key,https://www.curseforge.com/minecraft/modpacks/capital-is-key
Castellan, https://www.curseforge.com/minecraft/modpacks/castellan
Cataclysm Zombie Apocalypse,https://www.curseforge.com/minecraft/modpacks/cataclysm-zombie-apocalypse
Cauldron,https://www.curseforge.com/minecraft/modpacks/cauldron
Cave Factory,https://www.curseforge.com/minecraft/modpacks/cave-factory
Celestial Journey,https://www.curseforge.com/minecraft/modpacks/celestial-journey
Chemical Exchange,https://www.curseforge.com/minecraft/modpacks/chemical-exchange
Chimera Legends,https://www.curseforge.com/minecraft/modpacks/chimera-legends
Chroma Sky 2,https://www.curseforge.com/minecraft/modpacks/chroma-sky-2
Chroma Sky,https://www.curseforge.com/minecraft/modpacks/chroma-sky
Chroma Technology 2,https://www.curseforge.com/minecraft/modpacks/chroma-technology-2
Chroma Technology,https://www.curseforge.com/minecraft/modpacks/chroma-technology
City Life 2,https://www.curseforge.com/minecraft/modpacks/city-life
Claw,https://www.curseforge.com/minecraft/modpacks/claw
Clever Chemistry,https://www.curseforge.com/minecraft/modpacks/clever-chemistry
Colonial Age,https://www.curseforge.com/minecraft/modpacks/colonial-age
Compact Claustrophobia,https://www.curseforge.com/minecraft/modpacks/compact-claustrophobia
Conquest Reforged Official Modpack,https://www.curseforge.com/minecraft/modpacks/conquest-reforged-official-modpack
Corsair: The Seven Treasures,https://www.curseforge.com/minecraft/modpacks/corsair-the-seven-treasures
CottageCore Fantasy,https://www.curseforge.com/minecraft/modpacks/cottagecore-dream-life
Coven Undone, https://www.curseforge.com/minecraft/modpacks/coven-undone
Crackpack 3,https://www.curseforge.com/minecraft/modpacks/crackpack-3
Craft For Life Edition (enhanced RLCraft experience),https://www.curseforge.com/minecraft/modpacks/craft-for-life-edition-craftforlife
Craft Of The Titans II: The GOG Remix,https://www.curseforge.com/minecraft/modpacks/craft-to-the-future-cott-ii
Craft Of The Titans LITE,https://www.curseforge.com/minecraft/modpacks/craft-of-the-titans-lite
Craft Of The Titans,https://www.curseforge.com/minecraft/modpacks/craft-of-the-titans
Craft To Exile [Harmony],https://www.curseforge.com/minecraft/modpacks/crafttoexileharmony
Craft To Exile: Dissonance,https://www.curseforge.com/minecraft/modpacks/crafttoexiledissonance
Crainer Craft 2,https://www.curseforge.com/minecraft/modpacks/crainer-craft-2
Crash Landing,https://www.curseforge.com/minecraft/modpacks/crash-landing
Crazy Craft Updated,https://www.curseforge.com/minecraft/modpacks/crazy-craft-updated
Create 101 Season 2,https://www.curseforge.com/minecraft/modpacks/create-101-season-2
Create Below and Within,https://www.curseforge.com/minecraft/modpacks/create-below-and-within
Create Flavored,https://www.curseforge.com/minecraft/modpacks/create-flavored
Create Live 2,https://www.curseforge.com/minecraft/modpacks/create-live-2
Create On A Potato,https://www.curseforge.com/minecraft/modpacks/create-on-a-potato
Create+,https://www.curseforge.com/minecraft/modpacks/create
Create: Above and Beyond,https://www.curseforge.com/minecraft/modpacks/create-above-and-beyond
Creator's Canvas, https://www.curseforge.com/minecraft/modpacks/creators-canvas
Creeping For Power, https://www.curseforge.com/minecraft/modpacks/creeping-for-power
Crimson Skies,https://www.curseforge.com/minecraft/modpacks/crimson-skies
Crop Block,https://www.curseforge.com/minecraft/modpacks/crop-block
Crossed Skies,https://www.curseforge.com/minecraft/modpacks/crossed-skies
Crucial 2,https://www.curseforge.com/minecraft/modpacks/crucial-2
Crucial,https://www.curseforge.com/minecraft/modpacks/crucial
Crundee Craft,https://www.curseforge.com/minecraft/modpacks/crundee-craft
Damned Minecraft,https://www.curseforge.com/minecraft/modpacks/damned-minecraft
Dark Grid,https://www.curseforge.com/minecraft/modpacks/dark-grid
Dark Souls Simulator,https://www.curseforge.com/minecraft/modpacks/dark-souls-simulator
DarkRPG - RPG Quest & Magic,https://www.curseforge.com/minecraft/modpacks/darkrpg
Darkest Journey 2, https://www.curseforge.com/minecraft/modpacks/darkest-journey-2-0
Darkest Journey, https://www.curseforge.com/minecraft/modpacks/darkest-journey
Deathdusk,https://www.curseforge.com/minecraft/modpacks/deathdusk
Decimation - Realistic Zombie Apocalypse Modpack,https://www.curseforge.com/minecraft/modpacks/decimation-realistic-zombie-apocalypse-modpack
Definitely Not Tekkit,https://www.curseforge.com/minecraft/modpacks/definitely-not-tekkit
Delivery Inc, https://www.curseforge.com/minecraft/modpacks/delivery-inc
Deserted Island Survival,https://www.curseforge.com/minecraft/modpacks/deserted-island-survival-by-forge-labs
DigSite,https://www.curseforge.com/minecraft/modpacks/digsite
Dimension Zero,https://www.curseforge.com/minecraft/modpacks/dimension-zero
DimensionHopper,https://www.curseforge.com/minecraft/modpacks/dimensionhopper
Divine Journey 2,https://www.curseforge.com/minecraft/modpacks/divine-journey-2
Divine Journey,https://www.curseforge.com/minecraft/modpacks/divine-journey
Dreamcraft [FABRIC 1.18.1],https://www.curseforge.com/minecraft/modpacks/dreamcraft-new
Dungeons - Pain & Loot, https://www.curseforge.com/minecraft/modpacks/dungeons-pain-loot
Dungeons Dragons and Space Shuttles,https://www.curseforge.com/minecraft/modpacks/dungeons-dragons-and-space-shuttles
Edge of Twilight,https://www.curseforge.com/minecraft/modpacks/edge-of-twilight
Egg Block,https://www.curseforge.com/minecraft/modpacks/eggblock
Endless MC,https://www.curseforge.com/minecraft/modpacks/endless-mc
Engineer's Life 2,https://www.curseforge.com/minecraft/modpacks/engineers-life-2
Engineer's Life,https://www.curseforge.com/minecraft/modpacks/engineers-life
Enhanced RL Craft,https://www.curseforge.com/minecraft/modpacks/enhanced-rl-craft
Enigmatica 2 - E2,https://www.curseforge.com/minecraft/modpacks/enigmatica2
Enigmatica 2: Expert - E2E,https://www.curseforge.com/minecraft/modpacks/enigmatica2expert
Enigmatica 2: Expert - Extended (E2E-E),https://www.curseforge.com/minecraft/modpacks/enigmatica-2-expert-extended
Enigmatica 2: Expert Skyblock - E2ES,https://www.curseforge.com/minecraft/modpacks/enigmatica2expertskyblock
Enigmatica 2: Light - E2L,https://www.curseforge.com/minecraft/modpacks/enigmatica2light
Enigmatica 4 - E4,https://www.curseforge.com/minecraft/modpacks/enigmatica4
Enigmatica 5 - E5,https://www.curseforge.com/minecraft/modpacks/enigmatica5
Enigmatica 6 Expert - E6E,https://www.curseforge.com/minecraft/modpacks/enigmatica6expert
Enigmatica 6,https://www.curseforge.com/minecraft/modpacks/enigmatica6
Enigmatica 8 - E8 - 1.18,https://www.curseforge.com/minecraft/modpacks/enigmatica8
Enigmatica,https://www.curseforge.com/minecraft/modpacks/enigmatica
Epoch Runner (Formerly Nuclear Age & Beyond),https://www.curseforge.com/minecraft/modpacks/epoch-runner-formerly-nuclear-beyond-modpack
Equivalent Skies,https://www.curseforge.com/minecraft/modpacks/equivalent-skies
Error 404:Survival Not Found,https://www.curseforge.com/minecraft/modpacks/error-404-survival-not-found
Escape From 2020,https://www.curseforge.com/minecraft/modpacks/escape-from-2020
Euphoric Curiosity,https://www.curseforge.com/minecraft/modpacks/euphoriccuriosity
ExoCraft [Galacticraft Modpack],https://www.curseforge.com/minecraft/modpacks/exocraftt
Exoria,https://www.curseforge.com/minecraft/modpacks/exoria
Expedition In The Sky,https://www.curseforge.com/minecraft/modpacks/expedition-in-the-sky
Exploration; Magic; Tech - ExplorationTech,https://www.curseforge.com/minecraft/modpacks/exploration-magic-tech-explorationtech
Explorico 1.16.5,https://www.curseforge.com/minecraft/modpacks/explorico-1-16-5
FTB Academy 1.16,https://feed-the-beast.com/modpack/88_ftb_academy_1_16
FTB Chocolate,https://feed-the-beast.com/modpack/94_ftb_chocolate
FTB Mage Quest,https://www.curseforge.com/minecraft/modpacks/ftb-mage-quest
FTB OceanBlock,https://feed-the-beast.com/modpack/91_ftb_oceanblock
FTB One,https://feed-the-beast.com/modpack/97_ftb_one
FTB Plexiglass Mountain,https://feed-the-beast.com/modpack/96_ftb_plexiglass_mountain
FTB Presents Direwolf20 1.18,https://feed-the-beast.com/modpack/95_ftb_presents_direwolf20_1_18
FTB Presents: Cloud 9,https://www.feed-the-beast.com/modpack/ftb_presents_cloud_9
FTB Presents: Crackpack,https://www.feed-the-beast.com/modpack/ftb_presents_crackpack
FTB Presents: Direwolf20 1.10,https://www.feed-the-beast.com/modpack/ftb_presents_direwolf20_1_10
FTB Presents: Direwolf20 1.12,https://www.feed-the-beast.com/modpack/ftb_presents_direwolf20_1_12
FTB Presents: Direwolf20 1.16,https://feed-the-beast.com/modpack/ftb_presents_direwolf20_1_16
FTB Presents: Direwolf20 1.7,https://www.feed-the-beast.com/modpack/ftb_presents_direwolf20
FTB Presents: Hermitpack,https://www.feed-the-beast.com/modpack/ftb_presents_hermitpack
FTB Presents: Skyfactory 2.5,https://www.feed-the-beast.com/modpack/ftb_presents_skyfactory_2_5
FTB Presents: Skyfactory 3,https://www.feed-the-beast.com/modpack/ftb_presents_skyfactory_3
FTB Presents: Stoneblock 2,https://www.feed-the-beast.com/modpack/ftb_presents_stoneblock_2
FTB Ultimate: Anniversary Edition,https://feed-the-beast.com/modpack/93_ftb_ultimate_anniversary_edition
FTB University 1.16,https://feed-the-beast.com/modpack/90_ftb_university_1_16
FTB: Academy,https://www.feed-the-beast.com/modpack/ftb_academy
FTB: Beyond,https://www.feed-the-beast.com/modpack/ftb_beyond
FTB: Builder's Paradise,https://www.feed-the-beast.com/modpack/ftb_builders_paradise
FTB: Continuum,https://www.feed-the-beast.com/modpack/ftb_continuum
FTB: Cotton,https://feed-the-beast.com/modpack/ftb_cotton
FTB: Departed,https://www.feed-the-beast.com/modpack/ftb_departed
FTB: Egg Hunt,https://www.feed-the-beast.com/modpack/ftb_egg_hunt
FTB: Endeavour,https://feed-the-beast.com/modpack/ftb_endeavour
FTB: Horizons - Daybreaker - 1.7.10,https://www.feed-the-beast.com/modpack/ftb_horizons_daybreaker
FTB: Horizons III - 1.12.2,https://www.feed-the-beast.com/modpack/ftb_horizons_iii
FTB: Infinity Evolved Skyblock,https://www.feed-the-beast.com/modpack/ftb_infinity_evolved_skyblock
FTB: Infinity Evolved,https://www.feed-the-beast.com/modpack/ftb_infinity_evolved_1_7
FTB: Infinity Lite 1.10,https://www.curseforge.com/minecraft/modpacks/ftb-infinity-lite-1-10
FTB: Interactions,https://www.feed-the-beast.com/modpack/ftb_interactions
FTB: Inventions,https://www.feed-the-beast.com/modpack/ftb_inventions
FTB: Lite 3 - 1.7.10,https://www.feed-the-beast.com/modpack/ftb_lite_3
FTB: Magic World 2,https://www.curseforge.com/minecraft/modpacks/magic-world-2
FTB: Omnia,https://www.feed-the-beast.com/modpack/ftb_omnia
FTB: Pyramid Reborn 3.0,https://www.feed-the-beast.com/modpack/ftb_pyramid_reborn_3_0
FTB: Resurrection,https://www.feed-the-beast.com/modpack/ftb_resurrection
FTB: Revelation,https://www.feed-the-beast.com/modpack/ftb_revelation
FTB: Sky Adventures,https://www.feed-the-beast.com/modpack/ftb_sky_adventures
FTB: Sky Odyssey,https://www.feed-the-beast.com/modpack/ftb_sky_odyssey
FTB: Skyfactory Challenges,https://www.feed-the-beast.com/modpack/ftb_skyfactory_challenges
FTB: Trident,https://www.feed-the-beast.com/modpack/ftb_trident
FTB: Ultimate Reloaded,https://www.feed-the-beast.com/modpack/ftb_ultimate_reloaded
FTB: Ultimate,https://www.curseforge.com/minecraft/modpacks/ftb-ultimate
FTB: University,https://www.feed-the-beast.com/modpack/ftb_university
FTB: Unleashed,https://www.curseforge.com/minecraft/modpacks/ftb-unleashed
FTB: Unstable - 1.14,https://www.feed-the-beast.com/modpack/ftb_unstable_1_14
FTB: Unstable 1.12,https://www.feed-the-beast.com/modpack/ftb_unstable_1_12
FTB: Unstable 1.16,https://www.feed-the-beast.com/modpack/ftb_unstable_1_16
FTB: Vanilla Plus,https://www.feed-the-beast.com/modpack/ftb_vanilla_plus
Fabulously Optimized,https://www.curseforge.com/minecraft/modpacks/fabulously-optimized
Factory Builder,https://www.curseforge.com/minecraft/modpacks/factory-builder
Farming Valley - Lite,https://www.curseforge.com/minecraft/modpacks/farming-valley-lite
Farming Valley,https://www.curseforge.com/minecraft/modpacks/farming-valley
Feed the Factory,https://www.curseforge.com/minecraft/modpacks/feed-the-factory
FictionCraft: Atomic Space,https://www.curseforge.com/minecraft/modpacks/fictioncraft-atomic-space
Fictioncraft: Atomic Space, https://www.curseforge.com/minecraft/modpacks/fictioncraft-atomic-space
Fire In The Pipe 2,https://www.curseforge.com/minecraft/modpacks/fire-in-the-pipe-2
Flames Of Crazy Craft,https://www.curseforge.com/minecraft/modpacks/flames-of-crazy-craft
Floramancer, https://www.curseforge.com/minecraft/modpacks/floramancer
FoolCraft 3,https://www.curseforge.com/minecraft/modpacks/foolcraft-3
FoolCraft,https://www.curseforge.com/minecraft/modpacks/foolcraft
Forces of Nature - Avatar,https://www.curseforge.com/minecraft/modpacks/forces-of-nature-fon-mod-pack
Forever Nightmare,https://www.curseforge.com/minecraft/modpacks/forever-nightmare
Forever Stranded Hurt Edition,https://www.curseforge.com/minecraft/modpacks/forever-stranded-hurt-edition
Forever Stranded Lost Souls,https://www.curseforge.com/minecraft/modpacks/forever-stranded-lost-souls
Forever Stranded,https://www.curseforge.com/minecraft/modpacks/forever-stranded
FunCraft - FC,https://www.curseforge.com/minecraft/modpacks/funcraft-fc
GT New Horizons - GTNH,https://www.gtnewhorizons.com
Galactic Engineers,https://www.curseforge.com/minecraft/modpacks/galactic-engineers
Galacticraft-Pack,https://www.curseforge.com/minecraft/modpacks/galacticraft-pack
Galar - A Magical Fantasy World,https://www.curseforge.com/minecraft/modpacks/galar-magic-world
Garden Of Glass (Questbook Edition),https://www.curseforge.com/minecraft/modpacks/garden-of-glass-questbook-edition
Gears Of Adventure,https://www.curseforge.com/minecraft/modpacks/gears-of-adventure
Glacial Awakening,https://www.curseforge.com/minecraft/modpacks/glacial-awakening
GreedyCraft,https://www.curseforge.com/minecraft/modpacks/greedycraft
Gregblock,https://www.curseforge.com/minecraft/modpacks/gregblock
Guns n' Death,https://www.curseforge.com/minecraft/modpacks/guns-n-death
Guns; Warships; and More,https://www.curseforge.com/minecraft/modpacks/guns-warships-and-more
HR: New Beginnings 2,https://www.curseforge.com/minecraft/modpacks/hr-new-beginnings-2
HR: New Beginnings,https://www.curseforge.com/minecraft/modpacks/hr-new-beginnings
HarvestBlock,https://www.curseforge.com/minecraft/modpacks/harvestblock
Heavens Of Sorcery,https://www.curseforge.com/minecraft/modpacks/heavens-of-sorcery
Herodotus,https://www.curseforge.com/minecraft/modpacks/herodotus/files/3798090
Hexxit Updated,https://www.curseforge.com/minecraft/modpacks/hexxit-updated
Horror Craft,https://www.curseforge.com/minecraft/modpacks/horror-craft
Horror Island,https://www.curseforge.com/minecraft/modpacks/horror-island
Impact,https://gtimpact.space/
Increase to Violet Skyblock,https://www.curseforge.com/minecraft/modpacks/increase-to-violet-skyblock
Incredible Amazing Pack of WOW,https://www.curseforge.com/minecraft/modpacks/incredible-amazing-pack-of-wow
Infernum,https://www.curseforge.com/minecraft/modpacks/infernum
Infinity-Craft,https://www.curseforge.com/minecraft/modpacks/swapnils-infinity-craft
Infinty Evolved: Reloaded,https://www.curseforge.com/minecraft/modpacks/infinityevolved-reloaded
Infinity Foundation,https://www.curseforge.com/minecraft/modpacks/infinity-foundation/
Infitech 2,https://www.curseforge.com/minecraft/modpacks/infitech-2
Infitech 2u: Fear the Night,https://www.curseforge.com/minecraft/modpacks/fear-the-night
Infitech 3,https://www.curseforge.com/minecraft/modpacks/infitech-3
InsaneCraft Modpack,https://www.curseforge.com/minecraft/modpacks/insanecraft-modpack
InsaneVanilla++ B,https://www.curseforge.com/minecraft/modpacks/insanevanilla
Insomnia: Hardcore [FABRIC] - 1.18 | 1.19,https://www.curseforge.com/minecraft/modpacks/insomnia-hardcore
Installation Route 2,https://www.curseforge.com/minecraft/modpacks/installation-route-2
Installation Route, https://www.curseforge.com/minecraft/modpacks/installation-route
Integration By Parts, https://www.curseforge.com/minecraft/modpacks/integration-by-parts
Intelligence: New Horizon,https://www.curseforge.com/minecraft/modpacks/project-413512
Invasion,https://www.curseforge.com/minecraft/modpacks/invasion
Iskalls Island,https://www.curseforge.com/minecraft/modpacks/iskalls-island-minecraft-2-0
Isla Nublar - Dinosaurs!,https://www.curseforge.com/minecraft/modpacks/forge-labs-isla-nublar
Isla Unga Bunga,https://www.curseforge.com/minecraft/modpacks/forge-labs-100-days-isla-unga-bunga
It's Cozy Inside, https://www.curseforge.com/minecraft/modpacks/its-cozy-inside
JASB 2.0 (Just Another SkyBlock),https://www.curseforge.com/minecraft/modpacks/jasb-just-another-skyblock
Janky Skyblock,https://www.curseforge.com/minecraft/modpacks/janky-skyblock
Jojovein,https://www.curseforge.com/minecraft/modpacks/jojovein
Journey Across The Void,https://www.curseforge.com/minecraft/modpacks/journey-across-the-void
Journey Across The World,https://www.curseforge.com/minecraft/modpacks/journey-across-the-world
Journey Beyond The Abyss,https://www.curseforge.com/minecraft/modpacks/journey-beyond-the-abyss
Journey To The Core,https://atlauncher.com/pack/journeytothecore
Jurassic World Reborn 2,https://www.curseforge.com/minecraft/modpacks/jurassic-world-reborn-2
Jurassic World Reborn,https://www.curseforge.com/minecraft/modpacks/jurassic-world-reborn
Just Enough Mods,https://www.curseforge.com/minecraft/modpacks/just-enough-mods
Just Not Enough Mods (JNEM),https://www.curseforge.com/minecraft/modpacks/just-not-enough-mods
Just Not Enough Mods 2 (JNEM2),https://www.curseforge.com/minecraft/modpacks/just-not-enough-mods-2
Just Not Enough Mods 3 (JNEM3),https://www.curseforge.com/minecraft/modpacks/just-not-enough-mods-3-jnem3
Kealis' Bombs; Guns; War,https://www.curseforge.com/minecraft/modpacks/kealis-bombs-guns-war
Kinda Crazy Craft 2.0,https://www.curseforge.com/minecraft/modpacks/kinda-crazy-craft-2-0
Kinda Crazy Craft,https://www.curseforge.com/minecraft/modpacks/kinda-crazy-craft
Kreezcraft Presents MyCraft,https://www.curseforge.com/minecraft/modpacks/kreezcraft-presents-mycraft
Land Of The Bountiful Wilderness (LOBW),https://www.curseforge.com/minecraft/modpacks/lobw
Lapito's Galacticraft,https://www.curseforge.com/minecraft/modpacks/lapitos-galacticraft
Last Days of Humanity,https://www.curseforge.com/minecraft/modpacks/last-days-of-humanity
Less Tech More Dragon,https://www.curseforge.com/minecraft/modpacks/ltmd
Levitated,https://www.curseforge.com/minecraft/modpacks/levitated
Life In The Village 2,https://www.curseforge.com/minecraft/modpacks/life-in-the-village-2
Life In The Village LITE,https://www.curseforge.com/minecraft/modpacks/life-in-the-village-lite
Life In The Village,https://www.curseforge.com/minecraft/modpacks/life-in-the-village
Limitless Rebirth,https://www.curseforge.com/minecraft/modpacks/limitless-rebirth
Lucky Boi Duo Adventure Pack,https://www.curseforge.com/minecraft/modpacks/lucky-boi-duo-adventure-pack
LuckyBlock Race [2.0.0],https://www.curseforge.com/minecraft/modpacks/lucky-block-race-2
Lunaria Expert,https://www.curseforge.com/minecraft/modpacks/lunaria-expert
MC Eternal Hardcore,https://www.curseforge.com/minecraft/modpacks/mc-eternal-hardcore
MC Eternal Lite,https://www.curseforge.com/minecraft/modpacks/mc-eternal-lite
MC Eternal,https://www.curseforge.com/minecraft/modpacks/minecraft-eternal
MC Space,https://www.curseforge.com/minecraft/modpacks/mc-space
MC UFC: Primal and Medieval,https://www.curseforge.com/minecraft/modpacks/mc-ufc
MC Ultimato,https://www.curseforge.com/minecraft/modpacks/minecraft-ultimato
MC: Craft For Life Edition,https://www.curseforge.com/minecraft/modpacks/craft-for-life-edition-craftforlife
MC: Unknown [Forge],https://www.curseforge.com/minecraft/modpacks/minecraft-unknown
ME^2 Material Energy Exponential,https://www.curseforge.com/minecraft/modpacks/me-2-material-energy-exponential
Madhaus (A Successor to Dark Evolutions),https://www.curseforge.com/minecraft/modpacks/madhaus
Madpack 4,https://www.curseforge.com/minecraft/modpacks/madpack-4
Magiculture 2,https://www.curseforge.com/minecraft/modpacks/magiculture-2
Magitech Mana And Artifice,https://www.curseforge.com/minecraft/modpacks/magitech-mana-and-artifice
Manufactio,https://www.curseforge.com/minecraft/modpacks/manufactio
Material Energy Classic,https://www.curseforge.com/minecraft/modpacks/material-energy-classic
Material Energy Exploration,https://www.curseforge.com/minecraft/modpacks/material-energy-exploration
Material Energy Halloween,https://www.curseforge.com/minecraft/modpacks/material-energy-halloween
Material Energy^4,https://www.curseforge.com/minecraft/modpacks/material-energy-4
Material Energy^5: Entity,https://www.curseforge.com/minecraft/modpacks/material-energy-5-entity
Material Energy^Ex,https://www.curseforge.com/minecraft/modpacks/material-energy-ex-1-10-2
Material Energy^Natural Capital,https://www.curseforge.com/minecraft/modpacks/material-energy-natural-capital
MeatballCraft: Dimensional Ascension,https://www.curseforge.com/minecraft/modpacks/meatballcraft
Military Industrial Complex, https://www.curseforge.com/minecraft/modpacks/military-industrial-complex
MineColonies Official,https://www.curseforge.com/minecraft/modpacks/minecolonies-testpack
Minecolonies Getting Started (MCGS),https://www.curseforge.com/minecraft/modpacks/minecolonies-getting-started
Minecolonies: Exploration Edition,https://www.curseforge.com/minecraft/modpacks/minecolonies-ee
Minecraft Bilionaire,https://www.curseforge.com/minecraft/modpacks/minecraft-billionaire
Minecraft Millionaire,https://www.curseforge.com/minecraft/modpacks/minecraft-millionaire
Minecraft Time,https://www.curseforge.com/minecraft/modpacks/minecraft-time
Minecraft Trillionaire,https://www.curseforge.com/minecraft/modpacks/minecraft-trillionaire
Mineshafts & Monsters,https://www.curseforge.com/minecraft/modpacks/mineshafts-monsters
Modblend 2,https://www.curseforge.com/minecraft/modpacks/modblend-2
Modded One Block,https://www.curseforge.com/minecraft/modpacks/one-block-modded
Modern Skyblock 2,https://www.curseforge.com/minecraft/modpacks/modern-skyblock-2
Modern Skyblock 3: Departed,https://www.curseforge.com/minecraft/modpacks/modern-skyblock-3-departed
Modern Skyblock Classic,https://www.curseforge.com/minecraft/modpacks/modern-skyblock-classic
Modpackia,https://www.curseforge.com/minecraft/modpacks/modpackia
Modular Mayhem Reloaded,https://www.curseforge.com/minecraft/modpacks/modular-mayhem-reloaded
Modular Mayhem,https://www.curseforge.com/minecraft/modpacks/modular-mayhem
Monumental Experience,https://www.curseforge.com/minecraft/modpacks/monumental-experience
Movement,https://www.curseforge.com/minecraft/modpacks/movement
Multiblock Madness,https://www.curseforge.com/minecraft/modpacks/multiblock-madness
Mustard Virus by Forge Labs,https://www.curseforge.com/minecraft/modpacks/zombie-apocalypse-slow-zombies-by-forge-labs
Mystical Skies,https://www.curseforge.com/minecraft/modpacks/mystical-skies
Mystical Village 2,https://www.curseforge.com/minecraft/modpacks/mystical-village-2
NFINIT - New Era,https://www.curseforge.com/minecraft/modpacks/nfinit-presents-new-era
NFINIT Labs Colonies,https://www.curseforge.com/minecraft/modpacks/nfinit-colonies
NFINIT Skyblock,https://www.curseforge.com/minecraft/modpacks/nfinit-skyblock
NFINIT: Skylands,https://www.curseforge.com/minecraft/modpacks/nfinit-skylands
Nature's Beauty,https://www.curseforge.com/minecraft/modpacks/natures-beauty
New Blocks,https://www.curseforge.com/minecraft/modpacks/new-blocks
New Game Modpack,https://www.curseforge.com/minecraft/modpacks/new-game-modpack-release
New Line (One Piece ModPack),https://www.curseforge.com/minecraft/modpacks/new-line-one-piece-pack
Not The Bees,https://www.curseforge.com/minecraft/modpacks/not-the-bees
Ocean Outlast,https://www.curseforge.com/minecraft/modpacks/ocean-outlast
Oceanum,https://www.curseforge.com/minecraft/modpacks/oceanum
Oh The Biome's You'll Explore,https://www.curseforge.com/minecraft/modpacks/oh-the-biomes-youll-explore
Omnifactory,https://www.curseforge.com/minecraft/modpacks/omnifactory
One Life - Popular SMP,https://www.curseforge.com/minecraft/modpacks/one-life-popular-smp
Options,https://www.curseforge.com/minecraft/modpacks/options
Ore Factory,https://www.curseforge.com/minecraft/modpacks/ore-factory
OriginsSMP,https://www.curseforge.com/minecraft/modpacks/originssmp
Parasites,https://www.curseforge.com/minecraft/modpacks/parasites-by-forge-labs
Peace of Mind,https://www.curseforge.com/minecraft/modpacks/peace-of-mind
Pixel Pusher,https://www.curseforge.com/minecraft/modpacks/pixel-pusher
Pixelmon Galaxies, https://www.curseforge.com/minecraft/modpacks/pixelmon-galaxies
Planetary,https://www.curseforge.com/minecraft/modpacks/planetary
Playing With Fire,https://www.curseforge.com/minecraft/modpacks/playing-with-fire
Plunger,https://www.curseforge.com/minecraft/modpacks/plunger
Pokehaan Craft - Lite,https://www.curseforge.com/minecraft/modpacks/pokehaan-craft-lite
Pokehaan Craft,https://www.curseforge.com/minecraft/modpacks/pokehaan-craft
Pokemon Adventure,https://www.curseforge.com/minecraft/modpacks/pokemon-adventure
Primordial Destiny,https://www.curseforge.com/minecraft/modpacks/primordial-destiny/files/3303714
Principles,https://www.curseforge.com/minecraft/modpacks/principles
Project Architect,https://www.curseforge.com/minecraft/modpacks/project-architect
Project Equivalence,https://www.curseforge.com/minecraft/modpacks/project-equivalence
Project Ozone 2 - Reloaded,https://www.curseforge.com/minecraft/modpacks/project-ozone-2-reloaded
Project Ozone 3: A New Way Forward,https://www.curseforge.com/minecraft/modpacks/project-ozone-3-a-new-way-forward
Project Ozone Lite,https://www.curseforge.com/minecraft/modpacks/project-ozone-lite
Project Ozone,https://www.curseforge.com/minecraft/modpacks/project-ozone
Project Ultimate: Reloaded,https://www.curseforge.com/minecraft/modpacks/project-ultimate-reloaded
PwrDown RPG - Fabric,https://www.curseforge.com/minecraft/modpacks/pwrdown-rpg-fabric
PwrDown's Fallout Apocalypse,https://www.curseforge.com/minecraft/modpacks/pwrdowns-fallout-apocalypse
PwrDown's RPG,https://www.curseforge.com/minecraft/modpacks/pwrdowns-rpg
PwrDown's Zombie Apocalypse,https://www.curseforge.com/minecraft/modpacks/pwrdowns-zombie-apocalypse
Q-Tech,https://www.curseforge.com/minecraft/modpacks/q-tech
Quark Pack,https://www.curseforge.com/minecraft/modpacks/quark-pack
Questing Mayhem,https://www.curseforge.com/minecraft/modpacks/questing-mayhem
RAD pack(LITE),https://www.curseforge.com/minecraft/modpacks/rad-pack-lite
RLCraft,https://www.curseforge.com/minecraft/modpacks/rlcraft
Raft,https://www.curseforge.com/minecraft/modpacks/raft
Ragnamod V,https://www.curseforge.com/minecraft/modpacks/ragnamod-v
Re-Evolving Technology,https://www.curseforge.com/minecraft/modpacks/re-evolving-technology
Realistic Colonies,https://www.curseforge.com/minecraft/modpacks/realistic-colonies
Really Awesome Mods,https://www.curseforge.com/minecraft/modpacks/really-awesome-mods
Rebirth Of The Night,https://www.curseforge.com/minecraft/modpacks/rebirth-of-the-night
Regrowth,https://www.curseforge.com/minecraft/modpacks/regrowth-an-hqm-pack
Resonant Rise 5,https://www.curseforge.com/minecraft/modpacks/resonantrise-5
Rising Civilizations,https://www.curseforge.com/minecraft/modpacks/rising-civilization
River Monsters by Forge Labs,https://www.curseforge.com/minecraft/modpacks/river-monsters-by-forge-labs
Roguelike Adventures And Dungeons,https://www.curseforge.com/minecraft/modpacks/roguelike-adventures-and-dungeons
Roguelike Adventures and Dungeons TiC Edition,https://www.curseforge.com/minecraft/modpacks/roguelike-adventures-and-dungeons-tic-edition
Rustic Waters II,https://www.curseforge.com/minecraft/modpacks/rustic-waters-ii
SCP Lockdown Pack,https://www.curseforge.com/minecraft/modpacks/scp-lockdown-pack
Sbeev's Industrial Revolution,https://www.curseforge.com/minecraft/modpacks/sbeevs-industrial-revolution
Scientific Rocketry Skyblock,https://www.curseforge.com/minecraft/modpacks/scientific-rocketry-skyblock
Scientific Rocketry,https://www.curseforge.com/minecraft/modpacks/scientific-rocketry
Seablock: Rustic Waters,https://www.curseforge.com/minecraft/modpacks/seablock-rustic-waters
Seaopolis,https://www.curseforge.com/minecraft/modpacks/seaopolis
Second Chance!,https://www.curseforge.com/minecraft/modpacks/secondchance
Secula,https://www.curseforge.com/minecraft/modpacks/secula
SevTech: Ages of the Sky,https://www.curseforge.com/minecraft/modpacks/sevtech-ages-of-the-sky
Sevtech: Ages,https://www.curseforge.com/minecraft/modpacks/sevtech-ages
Silly Sorcery, https://www.curseforge.com/minecraft/modpacks/silly-sorcery
Sink Into Madness,https://www.curseforge.com/minecraft/modpacks/sink-into-madness
Skillful Survival, https://www.curseforge.com/minecraft/modpacks/skillful-survival
Sky Bees,https://www.curseforge.com/minecraft/modpacks/sky-bees
Sky To Void, https://www.curseforge.com/minecraft/modpacks/sky-to-void-beta
SkyFactory One,https://www.curseforge.com/minecraft/modpacks/skyfactory-one
Skybalance 2,https://www.curseforge.com/minecraft/modpacks/skybalance-2
Skybalance,https://www.curseforge.com/minecraft/modpacks/skybalance
Skyexchange 2 Lite,https://www.curseforge.com/minecraft/modpacks/skyexchange-2-lite
Skyexchange,https://www.curseforge.com/minecraft/modpacks/skyexchange
Skyfactory 4,https://www.curseforge.com/minecraft/modpacks/skyfactory-4
Skyopolis 2,https://www.curseforge.com/minecraft/modpacks/skyopolis-2
Skyopolis 3,https://www.curseforge.com/minecraft/modpacks/skyopolis-3
Skyopolis 4,https://www.curseforge.com/minecraft/modpacks/skyopolis-4
Skyopolis 5,https://www.curseforge.com/minecraft/modpacks/skyopolis-5
Skyopolis,https://www.curseforge.com/minecraft/modpacks/skyopolis
Skytouched: Legacy of the Cursed, https://www.curseforge.com/minecraft/modpacks/skytouched
Skyworlds,https://www.curseforge.com/minecraft/modpacks/skyworlds
Slightly Cinnamon Flavored,https://www.curseforge.com/minecraft/modpacks/slightly-cinnamon-flavoured
Slightly Vanilla Flavored,https://www.curseforge.com/minecraft/modpacks/slightly-vanilla-flavoured
Smashing Mods Together,https://www.curseforge.com/minecraft/modpacks/smashing-mods-together
Space Astronomy 2,https://www.curseforge.com/minecraft/modpacks/space-astronomy-2
Space Astronomy,https://www.curseforge.com/minecraft/modpacks/space-astronomy
SpaceCraft - (Galacticraft),https://www.curseforge.com/minecraft/modpacks/space-craft-galacticraft
Sprout - Explore For More,https://www.curseforge.com/minecraft/modpacks/sprout-explore-for-more
Stacia Expert,https://www.curseforge.com/minecraft/modpacks/stacia-expert
Stacia,https://www.curseforge.com/minecraft/modpacks/stacia-1-16-5
Staged Learning, https://www.curseforge.com/minecraft/modpacks/staged-learning
Star Factory,https://www.curseforge.com/minecraft/modpacks/star-factory
Star Wars Conquest,https://www.curseforge.com/minecraft/modpacks/star-wars-conquest
Stiff As A Board,https://www.curseforge.com/minecraft/modpacks/stiff-as-a-board
Stoneblock,https://www.curseforge.com/minecraft/modpacks/stoneblock
Super Hostile Modpack,https://www.curseforge.com/minecraft/modpacks/super-hostile-modpack
Survival Remastered,https://www.curseforge.com/minecraft/modpacks/survival-remastered
Survival Stories 2,https://www.curseforge.com/minecraft/modpacks/survival-stories-2
Survival Stories 3,https://www.curseforge.com/minecraft/modpacks/survival-stories-3
TFMG - THE FACTORY MUST GROW,https://www.curseforge.com/minecraft/modpacks/dr-rock-tech-zombies-anime-girls-and-guns
TNP Limitless - 1.14.4,https://www.curseforge.com/minecraft/modpacks/tnp-limitless
TNP Limitless 2 - 1.15.2,https://www.curseforge.com/minecraft/modpacks/tnp-limitless-2
TNP Limitless 3 - 1.16.5,https://www.curseforge.com/minecraft/modpacks/tnp-limitless-3
TNP Limitless 4 - 1.17.1,https://www.curseforge.com/minecraft/modpacks/tnp-limitless-4
TNP Limitless 5 - 1.18.2,https://www.curseforge.com/minecraft/modpacks/tnp-limitless-5
TNP Limitless 6 - 1.19,https://www.curseforge.com/minecraft/modpacks/tnp-limitless-6
TNP Limitless Lite - 1.16.5,https://www.curseforge.com/minecraft/modpacks/tnp-limitless-lite
TNP Limitless: Vanilla Echoes,https://www.curseforge.com/minecraft/modpacks/tnp-limitless-vanilla-echoes
TNP|EOD: Vanilla Enhanced,https://www.curseforge.com/minecraft/modpacks/eod-vanilla-enhanced
TNP|EOD: Voxelverse,https://www.curseforge.com/minecraft/modpacks/eodvoxelverse
TWD 2 - A Zombie Apocalypse Modpack,https://www.curseforge.com/minecraft/modpacks/twd-2-a-zombie-apocalypse-modpack
Team Rustic - Magic; Adventure; and Tech!,https://www.curseforge.com/minecraft/modpacks/team-rustic
Technocratica, https://www.curseforge.com/minecraft/modpacks/technocratica
Tek TopiaPack,https://www.curseforge.com/minecraft/modpacks/tektopia-pack
Tekkit Classic Reloaded,https://www.curseforge.com/minecraft/modpacks/tekkit-classic-reloaded
Tekkit Classic,https://www.technicpack.net/modpack/tekkit.552560
Tekxit 3,https://www.curseforge.com/minecraft/modpacks/tekxit-3-0-972
TerraFirmaCraft Reloaded,https://www.curseforge.com/minecraft/modpacks/terrafirmacraft-reloaded
TerraFirmaPunk,https://www.curseforge.com/minecraft/modpacks/terrafirmapunk
Terralux,https://www.curseforge.com/minecraft/modpacks/terralux
The 1.12.2 Pack: Perfectly Complex,https://www.curseforge.com/minecraft/modpacks/the-1122-pack
The 100 Days Multiverse: Origins,https://www.curseforge.com/minecraft/modpacks/the-100-days-multiverse-origins
The Afterlife,https://www.curseforge.com/minecraft/modpacks/afterlife
The Bear Necessities,https://www.curseforge.com/minecraft/modpacks/the-bear-necessities
The Biggest Modpack,https://www.curseforge.com/minecraft/modpacks/the-biggest-modpack
The Botanist's Journey,https://www.curseforge.com/minecraft/modpacks/the-botanists-journey
The Brave New World, https://www.curseforge.com/minecraft/modpacks/the-brave-new-world
The Builders Delight Pack,https://www.curseforge.com/minecraft/modpacks/the-builders-delight-pack
The Cosmic Tree,https://www.curseforge.com/minecraft/modpacks/the-cosmic-tree
The Cosmic Tree: Warped Roots, https://www.curseforge.com/minecraft/modpacks/the-cosmic-tree-1-16-4
The Endless Frontier 2,https://www.curseforge.com/minecraft/modpacks/the-endless-frontier-2
The Endless Frontier,https://www.curseforge.com/minecraft/modpacks/the-endless-frontier
The Ferret Business,https://www.curseforge.com/minecraft/modpacks/the-ferret-business
The Final Frontier 2,https://www.curseforge.com/minecraft/modpacks/the-final-frontier-2
The Final Frontier,https://www.curseforge.com/minecraft/modpacks/the-final-frontier
The God Block,https://www.curseforge.com/minecraft/mc-mods/the-god-block
The Golden Cobblestone,https://www.curseforge.com/minecraft/modpacks/the-golden-cobblestone
The Insane Craft Modpack,https://www.curseforge.com/minecraft/modpacks/jaimeyplays6243
The New Frontier Reloaded,https://www.curseforge.com/minecraft/modpacks/the-new-frontier-reloaded
The New Frontier,https://www.curseforge.com/minecraft/modpacks/the-new-frontier
The Nuclear Wasteland,https://www.curseforge.com/minecraft/modpacks/the-nuclear-wasteland
The Pixelmon Modpack,https://www.curseforge.com/minecraft/modpacks/the-pixelmon-modpack
The Tales Of Steve 2: RPG Ascension,https://www.curseforge.com/minecraft/modpacks/the-tales-of-steve-2-rpg-ascension
The Trial of God,https://www.curseforge.com/minecraft/modpacks/the-trial-of-god
The Vanilla Experience,https://www.curseforge.com/minecraft/modpacks/the-vanilla-experience
The Zombie Apocalypse,https://www.curseforge.com/minecraft/modpacks/zombie-apocalypse
Tinker's Modpack,https://www.curseforge.com/minecraft/modpacks/tinkers-modpack
TownCraft,https://www.curseforge.com/minecraft/modpacks/towncraft
TrollCraft,https://www.curseforge.com/minecraft/modpacks/trollcraft
UVision 1.19 | 1.18.2 | 1.16.5 | 1.12.2,https://www.curseforge.com/minecraft/modpacks/uvision
UVision [FABRIC] 1.19 | 1.18.2 | 1.18.1,https://www.curseforge.com/minecraft/modpacks/uvision-fabric
Ultimate Alchemy,https://www.curseforge.com/minecraft/modpacks/ultimate-alchemy
Uncle Genny's 100% Organic & Free-Range Modpack,https://www.curseforge.com/minecraft/modpacks/uncle-gennys-100-organic-free-range-modpack
Underdog,https://www.curseforge.com/minecraft/modpacks/underdog
Undiscovered,https://www.curseforge.com/minecraft/modpacks/undiscovered
Valhelsia,https://www.curseforge.com/minecraft/modpacks/valhelsia
Valhelsia: Enhanced Vanilla - 1.18,https://www.curseforge.com/minecraft/modpacks/valhelsia-enhanced-vanilla
Valhelsia: Origins,https://www.curseforge.com/minecraft/modpacks/valhelsia-origins
Valhelsia: Volatile,https://www.curseforge.com/minecraft/modpacks/valhelsia-volatile
Valhesia 2,https://www.curseforge.com/minecraft/modpacks/valhelsia-2
Valhesia 3,https://www.curseforge.com/minecraft/modpacks/valhelsia-3
Vanilla: Expert Mode,https://www.curseforge.com/minecraft/modpacks/vanilla-expert-mode
Vault Hunters - Official Modpack,https://www.curseforge.com/minecraft/modpacks/vault-hunters-official-modpack
Verified,https://www.curseforge.com/minecraft/modpacks/verified
Village in the Valley,https://www.curseforge.com/minecraft/modpacks/vitv
Volcano Block,https://www.curseforge.com/minecraft/modpacks/volcano-block
WILD,https://www.curseforge.com/minecraft/modpacks/wild
WT Endless Skygrids,https://www.curseforge.com/minecraft/modpacks/wt-skygrid
Wild World,https://www.curseforge.com/minecraft/modpacks/wild-world
Winter Is Here,https://www.curseforge.com/minecraft/modpacks/winter-is-here
Winter Regrowth,https://www.curseforge.com/minecraft/modpacks/winter-regrowth
Winter Zombies by Forge Labs,https://www.curseforge.com/minecraft/modpacks/zombie-apocalypse-fast-zombies-by-forge-labs
Winter is Here,https://www.curseforge.com/minecraft/modpacks/winter-is-here
World Of Dragons - A New Age (WODNA),https://www.curseforge.com/minecraft/modpacks/world-of-dragons-a-new-age
World Of Dragons,https://www.curseforge.com/minecraft/modpacks/world-of-dragons
X-Life 2,https://www.curseforge.com/minecraft/modpacks/x-life-2
X-Life 3,https://www.curseforge.com/minecraft/modpacks/x-life-3
X-Life,https://www.curseforge.com/minecraft/modpacks/x-life-smp-modpack
Yonder 2,https://www.curseforge.com/minecraft/modpacks/yonder-2
Yonder,https://www.curseforge.com/minecraft/modpacks/yonder
Zombie Apocalypse [Fast Zombies],https://www.curseforge.com/minecraft/modpacks/zombie-apocalypse-fast-zombies-by-forge-labs
Zombie Apocalypse [Slow Zombies],https://www.curseforge.com/minecraft/modpacks/zombie-apocalypse-slow-zombies-by-forge-labs
Zombie Gun Tech,https://www.curseforge.com/minecraft/modpacks/zombie-gun-tech
Zombies; Cars and Tech !,https://www.curseforge.com/minecraft/modpacks/zombies-cars-and-tech
[FABRIC] Adventure Pack, https://www.curseforge.com/minecraft/modpacks/fabric-adventure-pack
[RU] Psycho's Fantasy 2 - Into The Magical World,https://www.curseforge.com/minecraft/modpacks/psychos-fantasy-2-into-the-magical-world
